inertia,acceleration_dict_acceleration_x_component_control,acceleration_dict_acceleration_y_component_control,acceleration_dict_acceleration_x_component_drag,acceleration_dict_acceleration_y_component_drag,acceleration_dict_acceleration_x_component_lift,acceleration_dict_acceleration_y_component_lift,acceleration_dict_acceleration_x_component_gravity,acceleration_dict_acceleration_y_component_gravity,acceleration_dict_acceleration_x_component,acceleration_dict_acceleration_y_component,acceleration_dict_acceleration_x_component_wind,acceleration_dict_acceleration_y_component_wind,mach_number,mach_number_max,CL,CD,drag,lift,moment_dict_control_moment_z,moment_dict_aero_moment_z,moment_dict_moments_z,moment_dict_theta_dot_dot,moment_dict_M_wind_z,d_cp_cg,d_thrust_cg,x_cog,dynamic_pressure,mass_flow,fuel_percentage_consumed,control_force_parallel,control_force_perpendicular,control_force_x,control_force_y,aero_force_x,aero_force_y,gravity_force_y,atmospheric_pressure,air_density,speed_of_sound,action_info_throttle,action_info_delta_command_left_rad,action_info_delta_command_right_rad,action_info_gimbal_angle_deg,action_info_acs_info_alpha_local_left_rad,action_info_acs_info_alpha_local_right_rad,action_info_acs_info_C_n_L,action_info_acs_info_C_a_L,action_info_acs_info_C_n_R,action_info_acs_info_C_a_R,action_info_acs_info_F_n_L,action_info_acs_info_F_a_L,action_info_acs_info_F_n_R,action_info_acs_info_F_a_R,action_info_acs_info_F_perpendicular_L,action_info_acs_info_F_perpendicular_R,action_info_acs_info_F_perpendicular,action_info_acs_info_F_parallel_L,action_info_acs_info_F_parallel_R,action_info_acs_info_F_parallel,action_info_acs_info_Fx,action_info_acs_info_Fy,action_info_acs_info_Mz,action_info_acs_info_d_fin_cg,action_info_acs_info_delta_left_rad,action_info_acs_info_delta_right_rad,ug,vg,alpha_effective,state,actions,g_load_1_sec_window
23674274.512660176,4.165096896343107,20.760563399702303,0.027700416671173372,8.483300207167907e-08,0.20951120754044747,0.9961856041507879,0,-9.715786196187258,5.185910019779748,10.95453505167204,0.0,0.0,3.457119319023935,8.626446961240708,-1.4081644829814974,0.18617974369034354,208964.3569262505,-1580495.169882848,9449.787313716657,-52103584.54071601,9449.787313716657,0.00039915847510610055,0.0,-32.92627807897507,7.940958568987831,4.840958568987831,10439.463539540628,9136.65,0.7159181900654541,32874759.27440691,1672.4392913717259,6466653.283925703,32232471.134753987,1589633.974918426,-121222.56503497408,-15084551.998455768,1247.8184528551933,0.019214636216905154,301.5252154323689,0.6349057,0.21563467208035955,0.2111143722488704,-0.002772190522929029,-0.02039866880642356,-0.020172653814849104,-0.14290862148076794,0.03631859009233004,-0.14132520977942584,0.03631859009233004,-7459.446717172447,1895.7329853820045,-7376.796873551233,1895.7329853820045,-7479.4520488114795,-7396.3963565758195,82.19881285610077,1815.1985918157645,1817.7614260217304,7585.274406910117,1572.2822160037922,7420.988687917452,-3178.246440903304,44.51535696162938,0.010781733604017978,0.01055571861244352,0.0,0.0,-0.009616935202405585,"[np.float64(4875.626175754281), np.float64(29620.15307591691), np.float64(-214.2965478541824), np.float64(-1018.9389794354267), np.float64(1.3728664193091737), np.float64(0.00016079013198581947), 4.505096617182977, np.float64(-3.132230197873803), np.float64(1552581.7153505664), np.float64(1208300.346300237), np.float64(294.37499999998977)]",[-0.02217752  0.21060695  0.58990574  0.5775397 ],0.47981939400870494
23669040.75608084,4.188751142278835,20.865461606719947,0.02918775426799654,9.00927127934548e-08,0.220400363541436,1.0537303274639616,0,-9.717021639577434,5.268530451808139,11.054997726313674,0.0,0.0,3.4444679197225194,8.367584016549953,-1.4081099505381014,0.18647685765227873,220822.859258438,-1667460.8814349116,-38454.52121232961,-54960965.261668034,-38454.52121232961,-0.001624675947311055,0.0,-32.925022253915344,7.942214394047561,4.84221439404756,11014.314722610168,9161.396,0.7167785270617937,32963676.12983495,4721.320832328944,6488028.508126433,32318871.458658013,1677315.4072814432,-125704.21943216631,-15050861.526560258,1326.2187183026963,0.020458347117731597,301.25642841846195,0.63662535,0.21619589999058014,0.21117271212149993,-0.005375188267979367,-0.2241572352900135,-0.21961179105664477,-1.5771523670500864,0.0363620292131165,-1.545170985219263,0.0363620292131165,-86856.26268099622,2002.5141685300507,-85094.99765725294,2002.5141685300507,-85272.74660334467,-83625.29885458745,1629.6560374070684,-16630.667954930443,-15873.817460333254,8674.129834950594,3303.8792491252907,8184.17308596517,-63009.185848128225,44.51410113656965,0.2156627334758706,0.21111728924250187,0.0,0.0,-0.008494501814142907,"[np.float64(4790.430862082439), np.float64(29213.680777512207), np.float64(-212.19980456256252), np.float64(-1014.5235967701107), np.float64(1.3727758735483795), np.float64(-0.00046623641614183516), 4.506199507504954, np.float64(-3.133423633956575), np.float64(1548917.1563906055), np.float64(1204635.7873402762), np.float64(294.77499999998986)]",[-0.02137842  0.21432512  0.5914411   0.5776993 ],0.9641985521522868
23663777.26861856,4.2169080579595635,20.970017387364443,0.030742071629774676,9.565918696441772e-08,0.23174656991577824,1.1143036589170763,0,-9.718251936521714,5.358743862382677,11.155096787395038,0.0,0.0,3.431634139946345,8.117095683074876,-1.4080547496960074,0.1867838647602437,233300.11210962344,-1758713.6414712747,-38309.21574518002,-57956454.36805555,-38309.21574518002,-0.0016188969034957633,0.0,-32.92375933614604,7.943477311816864,4.843477311816864,11617.534890383678,9186.267,0.717641198139676,33052445.01111416,6424.191218427618,6516146.181696764,32403765.235258028,1769336.0690431364,-130201.72729459213,-15017057.37439637,1409.3341833098668,0.021779208989592003,300.98853947584126,0.63835347,0.2167341914259124,0.21124573266963853,-0.007815490557340507,-0.22331094068552354,-0.21826448927208364,-1.5780251222713781,0.03640609454506612,-1.5423644104214178,0.03640609454506612,-91663.80957944853,2114.745367999563,-89592.36175878436,2114.745367999563,-89983.09911357923,-88045.34101166637,1916.899714521368,-17600.22751286619,-16711.713246335425,9249.01111416138,3700.9924250858503,8690.30299672399,-74112.78354420423,44.51283821880035,0.21622281456234677,0.21117636314890686,0.0,0.0,-0.0070881261231767745,"[np.float64(4706.082844162746), np.float64(28808.984671908365), np.float64(-210.06824507589272), np.float64(-1010.0680851303491), np.float64(1.3724364060491967), np.float64(-0.0010870139891780428), 4.507337674383146, np.float64(-3.13490126833395), np.float64(1545242.6498598438), np.float64(1200961.2808095145), np.float64(295.17499999998995)]",[-0.02059746  0.21806158  0.5929137   0.57789904],1.453175615742015
23658483.7050147,4.250637764553654,21.07493513280573,0.03236479007387208,1.0154886972908103e-07,0.24355545703882658,1.178040029998604,0,-9.719477035189525,5.457755330034603,11.25555163924666,0.0,0.0,3.41861529534069,7.874708204668893,-1.4079988735220825,0.18710148612488706,246424.40758488252,-1854422.9416556729,-39285.67982060891,-61095089.49269805,-39285.67982060891,-0.0016605324462227408,0.0,-32.92248924751732,7.944747400445587,4.844747400445587,12250.247954416687,9211.496,0.7185062316617379,33142450.724603582,8057.553457560496,6552604.869835109,32488235.938209347,1865869.2112631386,-134690.4660794992,-14983138.079685567,1497.4294716979612,0.02318169966003352,300.72156208895666,0.6401067,0.2172341000520339,0.21134595075040957,-0.010100932887382088,-0.22215286579631252,-0.2166444225127711,-1.576731344257443,0.036450795305025686,-1.5376351338525431,0.036450795305025686,-96576.74962327207,2232.6564031112616,-94182.05826558173,2232.6564031112616,-94796.97963267588,-92556.48657468004,2216.4572661542466,-18589.942843714536,-17565.35358900757,9850.724603582887,4118.0542342860645,9219.06108840807,-85691.71360303633,44.511568130171625,0.21675918685721848,0.21125074357367707,0.0,0.0,-0.005393678939094038,"[np.float64(4622.596916405867), np.float64(28406.08084680934), np.float64(-207.89838626158752), np.float64(-1005.5723003127754), np.float64(1.3718458245008749), np.float64(-0.0017203596036275874), 4.508515056898202, np.float64(-3.1366692323973266), np.float64(1541558.051471172), np.float64(1197276.6824208426), np.float64(295.57499999999004)]",[-0.01984664  0.22185227  0.59428126  0.5781732 ],1.9468259545169786
23653165.03061676,4.284402855575507,21.151809160598486,0.03405746056239545,1.0777969460401163e-07,0.2558342699201301,1.2450950584215377,0,-9.720696888703943,5.5601922117445115,11.328007261524627,0.0,0.0,3.4054372110380102,7.640155697369084,-1.4079424371739608,0.18742971394389452,260228.42917056466,-1954794.8992657107,-40328.028907535314,-64382990.58629082,-40328.028907535314,-0.0017049738948396352,0.0,-32.92121318406647,7.946023463896438,4.8460234638964375,12913.818937975591,9224.742,0.7193727915037559,33189286.272007763,9631.41598747333,6588846.712632076,32528693.71811439,1967124.9568028525,-139145.02458656707,-14949150.184670595,1590.7828434224332,0.02467053639534069,300.4555086992651,0.64102715,0.21730510658459815,0.2115078709446864,-0.012302352959938308,-0.22063945660150147,-0.2147558529829628,-1.5729164243051483,0.036496042821297994,-1.5309728077451459,0.036496042821297994,-101561.78954022338,2356.516444734231,-98853.52819092464,2356.516444734231,-99682.64439126276,-97148.17460612005,2507.3744835670796,-19588.789435082028,-18433.81068165357,10470.272007763488,4533.227315676502,9765.417186265182,-96935.82985534644,44.51029206672077,0.2172376503786621,0.21135404676012343,0.0,0.0,-0.0034018062228393653,"[np.float64(4539.988726351118), np.float64(28004.98261910467), np.float64(-205.68890221749018), np.float64(-1001.0474194997494), np.float64(1.3709987745882843), np.float64(-0.002367535336059245), 4.5097358445970634, np.float64(-3.138737070008779), np.float64(1537868.1544985157), np.float64(1193586.7854481863), np.float64(295.97499999999013)]",[-0.01963155  0.22384246  0.5944755   0.57861614],2.4440481088167263
23647826.562361296,4.319388608167605,21.208318267844593,0.036129090409816655,1.152158127016835e-07,0.08878107913659629,0.4343609456417463,0,-9.721911446785892,4.787019327695267,11.56147352235062,0.0,0.0,3.3921269706015127,7.413181550289288,-0.46484010991296504,0.1891647468185807,276789.806756271,-680163.7533380794,-34113.47926334484,-22402452.46829374,-34113.47926334484,-0.0014425629845256493,0.0,-32.91993242604182,7.947304221921087,4.847304221921087,13609.691602057916,9229.449,0.7202399942656655,33205256.063959762,10989.926447678436,6626703.956384028,32537300.836517837,721846.1573429174,134808.95225607904,-14915126.859901048,1689.6861497607902,0.02625067665028865,300.1903925252458,0.64135426,0.21705571819326902,0.21172193916205834,-0.014471381708862798,-0.21855753064453445,-0.21278346783505775,-1.5650045446694119,0.03654174410131002,-1.523658751132173,0.03654174410131002,-106496.14604384884,2486.6093391007416,-103682.62854842795,2486.6093391007416,-104527.93704038001,-101893.92804248059,2605.950861740935,-20531.018637184974,-19336.445298719704,11024.063959761,4750.175597661926,10283.81241923864,-100743.48383394924,44.509011308696124,0.2172926371650317,0.211518574355555,0.0,0.0,-0.00126489347950276,"[np.float64(4458.226533611356), np.float64(27605.709505102233), np.float64(-203.6698750762163), np.float64(-996.4537534031296), np.float64(1.3699195016106231), np.float64(-0.002908528205359707), 4.510771332040343, np.float64(-3.1408518304297197), np.float64(1534176.3748354297), np.float64(1189895.0057851004), np.float64(296.3749999999902)]",[-0.0198127   0.2245498   0.5937933   0.57920176],2.944097398246564
23642469.17358588,4.35866532069053,21.26573691939509,0.038467857339555045,1.2345176216830277e-07,-0.05710390657395695,-0.28047455702553786,0,-9.723120608404153,4.114216982022408,11.775728905692967,0.0,0.0,3.378685982443342,7.193546546501253,0.28415606686102085,0.19142079234144707,295102.9934391265,438067.90740369953,-21506.939035658565,14428152.306692118,-21506.939035658565,-0.000909673980232437,0.0,-32.918647187504305,7.948589460458596,4.848589460458595,14339.13324693519,9234.812,0.7211076855589379,33223438.168711655,12165.514355479649,6670860.77967257,32546837.145998877,-370324.4905261645,376628.51717617735,-14881065.452475145,1794.4410696128418,0.02792725921393716,299.926237913598,0.64172685,0.21677119272030768,0.21196553517801653,-0.01661198337741552,-0.2162639054655261,-0.21095653250876137,-1.555505390652156,0.03658789430921839,-1.517331441898766,0.03658789430921839,-111522.9953144362,2623.193458623321,-108786.08862575352,2623.193458623321,-109471.41564961337,-106907.9510798073,2536.2575195421477,-21453.875721992656,-20297.394372903917,11526.168711656002,4794.9713762460715,10783.94254787982,-98045.94843384027,44.50772607015861,0.21704149191962097,0.21173411896285624,0.0,0.0,0.0007775864540948696,"[np.float64(4377.203685127086), np.float64(27208.295490940167), np.float64(-201.92262904026276), np.float64(-991.7738265446181), np.float64(1.3686767385895722), np.float64(-0.0032375126256565133), 4.5115367324086515, np.float64(-3.142859993819079), np.float64(1530482.4502138477), np.float64(1186201.0811635184), np.float64(296.7749999999903)]",[-0.02001909  0.22535539  0.5930149   0.5798682 ],3.447127698376208
23637092.461250506,4.400396068212933,21.324197310170167,0.04105133278706006,1.3238627443507664e-07,-0.2151223063544883,-1.0592033861810095,0,-9.724324265110424,3.3802363739008126,12.004063237503333,0.0,0.0,3.3651095382865908,6.981019793937182,1.0162468597820573,0.19392822967401938,314902.9047978328,1650193.4178173894,-7050.366177525269,54347148.57007517,-7050.366177525269,-0.000298275525599576,0.0,-32.917357376315536,7.949879271647365,4.8498792716473655,15103.375814939971,9240.711,0.7219759185814408,33243461.003959402,13278.074030226879,6718463.841481458,32557489.452347606,-1554442.1295324245,637190.5692904207,-14846963.760813845,1905.362343518498,0.02970565698629451,299.6630709056729,0.6421368,0.21645755556768043,0.2122333326703808,-0.018727465481862226,-0.21411885790431973,-0.20934227209427816,-1.5470018698994161,0.036634509611093324,-1.5124911908672531,0.036634509611093324,-116824.75313752877,2766.5238322618643,-114218.61436227114,2766.5238322618643,-114686.07009268383,-112244.06158831343,2416.1843817893796,-22422.799255557235,-21326.41927541005,12033.00395940358,4793.669939637166,11298.312252882914,-93401.07754455964,44.50643625896984,0.2167555108626763,0.21197892505263474,0.0,0.0,0.002636652958356578,"[np.float64(4296.809938350315), np.float64(26812.77553262389), np.float64(-200.4588759595158), np.float64(-987.0046663430475), np.float64(1.367362905661369), np.float64(-0.003323788373303469), 4.512016160044014, np.float64(-3.1446532543826446), np.float64(1526786.1659120899), np.float64(1182504.7968617606), np.float64(297.1749999999904)]",[-0.02024625  0.22624172  0.5921569   0.5806008 ],3.9532637771918986
23631696.127284914,4.442327879075983,21.383659699721083,0.04346642428387853,1.4071977659369134e-07,-0.2664616100709286,-1.3138950991248073,0,-9.725522307507147,3.1700080208722827,12.125749428275446,0.0,0.0,3.351394404447589,6.77537727892858,1.1942045115220343,0.19480404687835307,333086.51439381624,2041915.5792211911,9307.2442479491,67257718.06016295,9307.2442479491,0.0003938457992104533,0.0,-32.91606292555578,7.951173722407125,4.8511737224071245,15903.674200843492,9246.937,0.7228447289800474,33264559.55742353,14327.708326494034,6766053.580978527,32569182.470119365,-1934923.0474938257,732419.7287173795,-14812820.401109738,2022.7785975270986,0.03159149153323589,299.4009178278139,0.6425694,0.21612589214342467,0.21251572761447007,-0.020820039994873096,-0.2121996861087515,-0.20800616612986914,-1.5400689579093425,0.03668160110992604,-1.509633899016091,0.03668160110992604,-122463.77476711367,2916.861166087814,-120043.62846250487,2916.861166087814,-120232.85465444952,-117964.30093606448,2244.6497327440334,-23450.903413612832,-22436.677966485175,12545.557423527302,4744.413973021015,11828.778446751456,-86767.2537289815,44.505141808210084,0.21644097239646765,0.21224745241758528,0.0,0.0,0.0042412862877161395,"[np.float64(4216.945071449925), np.float64(26419.182710767782), np.float64(-199.18580837468664), np.float64(-982.1649631594229), np.float64(1.3660829271154846), np.float64(-0.003135760463417298), 4.512299875170754, np.float64(-3.1462169480552697), np.float64(1523087.391375957), np.float64(1178806.0223256277), np.float64(297.5749999999905)]",[-0.02048609  0.2271771   0.5912496   0.58137333],4.462562129732149
23626280.030817136,4.481883320785123,21.443962572307488,0.04590306911303925,1.4917460566589215e-07,-0.2817663414084879,-1.3912668604205054,0,-9.726714668799861,3.1346435142642473,12.212394301383263,0.0,0.0,3.337540447162012,6.5763945188176365,1.1982710195635649,0.19521251953737206,351366.2033815592,2156787.585980602,27371.66197690663,71054821.75360987,27371.66197690663,0.001158526096414847,0.0,-32.91476380604672,7.952472841916181,4.852472841916182,16741.35918843613,9253.194,0.7237141267347349,33285679.09757646,15319.56216496379,6809711.2798515,32581658.950410843,-2044076.906921528,772619.245494781,-14778635.197584843,2147.037348579549,0.033590715089366556,299.13979575007914,0.6430043,0.21579176529516061,0.2127993542705635,-0.02289045336251125,-0.21041813715956803,-0.20683886030583132,-1.5340835386277232,0.03672916926500209,-1.507988308550932,0.03672916926500209,-128413.21772616923,3074.4810767913427,-126228.869627067,3074.4810767913427,-126085.481185121,-124037.2818904896,2026.69400090129,-24532.80161328072,-23620.5982658749,13067.09757646138,4651.447398320144,12378.229467363777,-78339.5110889726,44.50384268870103,0.21610918580101146,0.21252990894727475,0.0,0.0,0.00569104864144343,"[np.float64(4137.586233491835), np.float64(26027.534321375148), np.float64(-197.92586280723157), np.float64(-977.2909438626847), np.float64(1.3649535807736586), np.float64(-0.0026450052904976734), 4.512566704880037, np.float64(-3.1476131241063783), np.float64(1519386.1134828907), np.float64(1175104.7444325613), np.float64(297.9749999999906)]",[-0.02072732  0.22811748  0.5903355   0.58214927],4.97501515582269
23620844.748920586,4.515640739697611,21.502115475784557,0.04846967176686742,1.5810050643522353e-07,-0.2979028083652753,-1.4728080180127152,0,-9.72790130422575,3.0894472515022873,12.29837791962753,0.0,0.0,3.3235497333287114,6.383850666719186,1.2023966088194855,0.19563349967354066,370558.7824859969,2277517.0110076074,46496.92889518944,75043069.67541146,46496.92889518944,0.00196847019610991,0.0,-32.913460160832294,7.953776487130609,4.8537764871306095,17617.824598359453,9257.953,0.7245840069266898,33301312.012677748,16262.748138024503,6844279.596042478,32590389.42777286,-2158796.9318395373,814857.8733661039,-14744413.970648572,2278.504433906111,0.035709603428692366,298.8797169585188,0.64333504,0.21553720038446267,0.21301483729226456,-0.02493204239130487,-0.20890177652512573,-0.20593286789714857,-1.5299907283737224,0.03677720697953581,-1.5082465251900437,0.03677720697953581,-134775.54144802233,3239.671908915115,-132860.11365941662,3239.671908915115,-132343.72329157722,-130547.19909352448,1777.7276302120026,-25692.0406353298,-24894.458911697468,13606.012677747129,4529.838018668699,12952.392212979747,-68713.6866354543,44.5025390434866,0.21577903704962573,0.21281012842164856,0.0,0.0,0.006877260524499995,"[np.float64(4058.727337342911), np.float64(25637.843992814844), np.float64(-196.68253685430088), np.float64(-972.3829690350186), np.float64(1.3641003499922524), np.float64(-0.0018338194510790632), 4.512813033972137, np.float64(-3.148712683979884), np.float64(1515682.931964336), np.float64(1171401.5629140066), np.float64(298.3749999999907)]",[-0.0209108   0.2288325   0.5896391   0.58273876],5.01069824683359
23615392.831188694,4.539067582347791,21.54950383126568,0.05119899265592697,1.6760266549629915e-07,-0.3149199412048456,-1.5587114248166662,0,-9.729082170983439,3.0297300073294195,12.37529896811878,0.0,0.0,3.3094346022093837,6.1975319064698144,1.2065754337786745,0.19616238507003025,390895.57935528905,2404360.056360429,62606.642763408716,79229068.81066802,62606.642763408716,0.0026510946995861335,0.0,-32.91215260600485,7.955084041958049,4.855084041958049,18534.608663841616,9257.281,0.725453951558326,33297360.74327861,17236.143176828144,6862979.490510795,32582419.21750887,-2279283.549369979,859426.0504269248,-14710177.848115927,2417.562853640561,0.03795473912654209,298.62069333951155,0.6432883,0.21557318634869235,0.2129844273215672,-0.02691935202359752,-0.2078644215767575,-0.20533873868781305,-1.5293826385460123,0.03682567188614425,-1.5107996817729217,0.03682567188614425,-141732.54351361934,3412.7470859635896,-140010.40435558776,3412.7470859635896,-139182.92859723303,-137567.4093879551,1598.6744268281425,-26979.12379248614,-26263.435509748262,14208.743278610578,4485.910733589733,13576.47783376528,-61790.73534633397,44.50123148865916,0.21553899968267415,0.2130133167937297,0.0,0.0,0.007674578105916652,"[np.float64(3980.360420589666), np.float64(25250.124367175562), np.float64(-195.4612270749994), np.float64(-967.4447625795437), np.float64(1.363638997997431), np.float64(-0.0007521608611469513), 4.513033957525257, np.float64(-3.149394959527826), np.float64(1511980.0192446094), np.float64(1167698.65019428), np.float64(298.77499999999077)]",[-0.02088489  0.22873154  0.58973753  0.58265555],5.0443916477077595
23609925.43490016,4.552795876799081,21.59699449476246,0.05405120428410304,1.7754727572791265e-07,-0.332871287172347,-1.6491733008401674,0,-9.730257228782705,2.955886353553851,12.453855976126796,0.0,0.0,3.2951997842774605,6.017231173683041,1.2108034582779086,0.1966086820741397,412047.9529636816,2537574.0336666503,66183.63327335381,83619509.12477204,66183.63327335381,0.00280321229543238,0.0,-32.91084142362143,7.9563952243414775,4.856395224341478,19493.214605443765,9255.697,0.7263237687445043,33290186.498323556,18491.278274804798,6866880.676613404,32574266.05149669,-2405847.2079789434,906071.0257704513,-14675930.384514034,2564.6134939621093,0.04033302503608627,298.36273625704666,0.6431782,0.21565797473989776,0.21291267177494638,-0.02884934180976554,-0.20757747815718935,-0.2049808919331729,-1.5343104287792062,0.0368745477425445,-1.5151177429536467,0.0368745477425445,-149543.21229781755,3594.017363120509,-147672.57657955508,3594.017363120509,-146850.54313237974,-145095.62502193253,1736.6806185547978,-28478.189670019652,-27701.379639753002,14986.498323554311,4782.700973057025,14308.632463484393,-67122.56750459659,44.49992030627573,0.21557742576825262,0.21298083954423616,0.0,0.0,0.007999947611063263,"[np.float64(3902.4753445204806), np.float64(24864.387691299977), np.float64(-194.26734935678195), np.float64(-962.4757019619842), np.float64(1.3636260806213303), np.float64(0.0003920244107872159), 4.513223565861819, np.float64(-3.1495974852404887), np.float64(1508277.740191875), np.float64(1163996.3711415457), np.float64(299.17499999999086)]",[-0.02082379  0.22849345  0.58996946  0.5824593 ],5.0760119802770785
23604443.12052932,4.556144692169175,21.644307796650633,0.05705901555886861,1.8803553393351494e-07,-0.35181495003610314,-1.744392543631803,0,-9.731426436585313,2.86706950953305,12.533974411755814,0.0,0.0,3.2808468314373758,5.842748454472757,1.2150770332527114,0.19706695050473438,434236.46481004776,2677418.7860529274,66605.96559946441,88221774.19958743,66605.96559946441,0.002821755432202325,0.0,-32.9095267525586,7.957709895404303,4.857709895404303,20495.140000296058,9253.067,0.7271933633886589,33279189.85357438,19782.304979677912,6855068.29375403,32565517.15139507,-2538689.9297113433,955084.3439519238,-14641675.654658671,2720.0753715195683,0.04285169009193291,298.1058572665737,0.6429955,0.21579857300069713,0.2127935785399494,-0.030718408315212484,-0.20783526494842933,-0.20507697740868813,-1.5433220969100792,0.03692382922020627,-1.522839884178902,0.03692382922020627,-158153.01220861275,3783.7952460757497,-156054.08312140615,3783.7952460757497,-155299.00827194555,-153330.03758714907,1948.5745109279114,-30148.141018511058,-29276.159906149303,15831.853574379877,5158.965114922086,15094.02561175314,-75309.68782368068,44.498605635212904,0.21566500465293773,0.21290671711319653,0.0,0.0,0.007829739704508398,"[np.float64(3825.059665246602), np.float64(24480.64645079359), np.float64(-193.10681511125898), np.float64(-957.4751964633607), np.float64(1.3640735678880607), np.float64(0.0015462579363358293), 4.513375330002743, np.float64(-3.149301762114683), np.float64(1504576.5130190235), np.float64(1160295.1439686941), np.float64(299.57499999999095)]",[-0.0207224   0.22809833  0.5903541   0.5821335 ],5.105425626841228
23598946.49161632,4.5491682945042085,21.691320835187042,0.06023248591911468,1.9909290096590256e-07,-0.37181381271616293,-1.844571704481302,0,-9.732589752604511,2.763141131291057,12.615625998519363,0.0,0.0,3.2663773956652413,5.673890541659081,1.2193916803903617,0.19753701908612614,457503.3448984755,2824158.100091251,63056.71459349853,93043442.39195418,63056.71459349853,0.0026720139653649303,0.0,-32.90820874198137,7.959027905981532,4.859027905981533,21541.908306056426,9249.358,0.728062634715961,33264255.70826997,21127.296167434728,6827741.015937396,32555999.55165101,-2678050.951517987,1006588.985623191,-14607417.871400613,2884.3862062499934,0.04551830045583171,297.85006811550636,0.6427377,0.2159966788962854,0.21262551643040858,-0.032522876274368825,-0.20864548462339227,-0.20562218176238808,-1.5565303784616058,0.03697351064699891,-1.5339760310481592,0.03697351064699891,-167653.1734420561,3982.3998805532574,-165223.85502263907,3982.3998805532574,-164617.00143579146,-162338.4983428393,2254.9739018097275,-32010.762444674776,-30999.8989214907,16755.708269966777,5636.073907273853,15939.67809705776,-87148.62496928746,44.497287624635675,0.21580847829547656,0.21278517543447237,0.0,0.0,0.0071629936720842835,"[np.float64(3748.098535523473), np.float64(24098.91337498178), np.float64(-191.98566684845858), np.float64(-952.4426382862184), np.float64(1.3649690513762114), np.float64(0.002644429252356194), 4.513482441570611, np.float64(-3.1485133901944), np.float64(1500876.7699770313), np.float64(1156595.400926702), np.float64(299.97499999999104)]",[-0.02057943  0.22754101  0.59089607  0.5816737 ],5.133674841618513
23593436.937795456,4.531721438904498,21.73376684524504,0.06358258550685614,2.107458156733727e-07,-0.3929358362710616,-1.9499179019201633,0,-9.733747135043323,2.643760141228943,12.694650078053098,0.0,0.0,3.2517973259345045,5.5104706967248,1.2237403850887583,0.1980185325204692,481892.696069912,2978062.4366514557,54467.76955694222,98092567.93453528,54467.76955694222,0.0023085983487928243,0.0,-32.90688772948238,7.960348918480523,4.860348918480524,22635.12521398812,9242.838,0.7289313593814,33239171.44180514,22540.677173580647,6784801.049672368,32539353.11182763,-2824173.62178096,1060716.645083196,-14573167.98250783,3058.0031053678154,0.048340772533098784,297.59538058107256,0.6422846,0.2163443046423248,0.21232985561513937,-0.034250827338082754,-0.2099865063737978,-0.20658317957985553,-1.5751642192840445,0.03702357194022183,-1.5496349665481293,0.03702357194022183,-178270.19668044095,4190.165933680091,-175380.907518956,4190.165933680091,-175025.22807632742,-172316.09449663165,2681.2650642056483,-34117.29842564382,-32911.757627818886,17771.441805140676,6240.902326170193,16854.212065036885,-103620.08014958008,44.495966612136684,0.21601406018358738,0.21261073338964512,0.0,0.0,0.0060275538097895875,"[np.float64(3671.5746241528236), np.float64(23719.201028707193), np.float64(-190.91018253486246), np.float64(-947.3790584139467), np.float64(1.3662694898409404), np.float64(0.0036033292641001664), 4.513538036544175, np.float64(-3.147268546703235), np.float64(1497179.6349672657), np.float64(1152898.2659169363), np.float64(300.37499999999113)]",[-0.02032818  0.22656131  0.59184706  0.58086485],5.161276316423217
23587915.61248433,4.506214036930577,21.773906764870873,0.06712104262640466,2.2302155883297462e-07,-0.4152527689701791,-2.0606383619238824,0,-9.734898542891955,2.511139213487479,12.773410212003647,0.0,0.0,3.237111133741916,5.352308328812022,1.2281140835930633,0.19851113325353315,507449.4681040348,3139399.9332744335,35156.93504370714,103377805.15174186,35156.93504370714,0.0014904638299239846,0.0,-32.905563995915266,7.9616726520476355,4.861672652047636,23776.41257319592,9234.649,0.7297993537734674,33208109.389805414,24167.344018434575,6729966.564279792,32519020.024433013,-2977296.9202359463,1117604.5599746506,-14538932.497077981,3241.4032939934905,0.05132738682835253,297.3418062943502,0.6417156,0.21677981470433683,0.21195814490599155,-0.03589616212992613,-0.21186698316215416,-0.20781217309641076,-1.5985968367485701,0.03707399760945794,-1.568002137905133,0.03707399760945794,-190044.48964369964,4407.433314500757,-186407.32873242843,4407.433314500757,-186559.61456400988,-183150.564597968,3374.1252684345764,-36494.43417953087,-34971.25049275426,18947.38980541306,7130.985335538091,17875.607679452467,-130391.86602621197,44.49464287856957,0.21636608014542538,0.21231127007968198,0.0,0.0,0.004499096983271222,"[np.float64(3595.4682495592665), np.float64(23341.521812578125), np.float64(-189.8859390681944), np.float64(-942.2845063844991), np.float64(1.367874659411503), np.float64(0.004243933810733433), 4.5135356090264995, np.float64(-3.1456609496149968), np.float64(1493485.7752260547), np.float64(1149204.4061757254), np.float64(300.7749999999912)]",[-0.02001284  0.22533102  0.5930385   0.579848  ],5.18795978246481
23582383.197872162,4.476146314716918,21.812643790760454,0.07071072622196682,2.3548580404780082e-07,-0.38399422940395006,-1.905157184994345,0,-9.736043934976358,2.6400695704103927,12.797477413367076,0.0,0.0,3.2223207956580446,5.199228928524361,1.0786235135996738,0.19862343266228732,533169.2722904859,2895372.9482620982,7351.73285449596,95317406.9788036,7351.73285449596,0.00031174681510388256,0.0,-32.90423770907069,7.962998938892211,4.86299893889221,24967.383037634998,9225.49,0.7306665102202522,33173536.50824972,25949.3647806976,6668542.992252791,32496380.293721724,-2732943.4234695826,1094748.476389475,-14504715.214823782,3435.084587667363,0.0544867976727615,297.0893569490745,0.64107907,0.21726554199765366,0.21154185953809854,-0.0374562959918716,-0.21408402487989026,-0.2092172544484845,-1.6248161421689795,0.0371247808680676,-1.5878792097583747,0.0371247808680676,-202837.03493632656,4634.543120606536,-198225.94223767254,4634.543120606536,-199085.53543291005,-194765.57711494112,4275.880405697602,-39106.15441447592,-37166.828450027584,20260.50824971745,8246.50780210233,18993.8531333314,-165234.20022572594,44.493316591725,0.21680410106900266,0.2119373306375969,0.0,0.0,0.002720076189112408,"[np.float64(3519.760475068986), np.float64(22965.887667696494), np.float64(-188.89025067451348), np.float64(-937.1641308426164), np.float64(1.3696220609638772), np.float64(0.004424648986884582), 4.513498538634318, np.float64(-3.1438764776704407), np.float64(1489795.5793642383), np.float64(1145514.210313909), np.float64(301.1749999999913)]",[-0.0196603   0.22395475  0.59436727  0.5787091 ],5.213542876912231
23576840.05454365,4.446126076286349,21.850218074796366,0.0738259930063607,2.4686594126922977e-07,-0.17075060757259897,-0.8485254463491994,0,-9.737183306090063,3.6692135749233534,12.636870077475496,0.0,0.0,3.207429669749294,5.051059229680037,0.4564688546559618,0.19735956990445497,556137.9270087627,1286279.8733060095,-27609.13144255872,42344365.35375452,-27609.13144255872,-0.0011710276431738348,0.0,-32.902908959580564,7.964327688382342,4.864327688382342,26209.74036452329,9215.856,0.7315327725270258,33137227.498735026,27853.327465833867,6607429.030373209,32471810.909146305,-1151195.3500229283,799096.0971092995,-14470518.052529747,3639.572662501878,0.05782815415978719,296.8380363284347,0.64040965,0.2177747383980768,0.21110343664364425,-0.038931112955517926,-0.21608617947235367,-0.21031511604805467,-1.649656869262191,0.03717591018598615,-1.6055991028465433,0.03717591018598615,-216185.3911695718,4871.854768947668,-210411.67807559713,4871.854768947668,-212152.10220150178,-206745.04757367866,5352.110668958868,-41849.06038985882,-39411.85790134471,21695.49873502376,9553.651934921523,20200.68040142636,-206816.19540020413,44.49198784223487,0.21729100181767483,0.21151993839337582,0.0,0.0,0.0012048223453211548,"[np.float64(3444.5228410115024), np.float64(22592.2919372435), np.float64(-187.56667206314032), np.float64(-932.0909389147636), np.float64(1.371298104927067), np.float64(0.004026173851968788), 4.513808933445932, np.float64(-3.142510828518865), np.float64(1486109.2368959766), np.float64(1141827.8678456473), np.float64(301.5749999999914)]",[-0.0192898   0.2225074   0.5957603   0.57750976],5.23784802093422
23571285.88649171,4.4221503213656215,21.888596971842173,0.07724114267812872,2.597889368870354e-07,-0.04358292602328018,-0.21730088406634487,0,-9.738316717675936,4.279510771279715,12.565154450863247,0.0,0.0,3.1924370953287684,4.907623803738955,0.1111018827208467,0.19690363080408338,582278.6339344747,328547.7887536305,-68483.1252606939,10815944.82475472,-68483.1252606939,-0.0029053622950600405,0.0,-32.901577680657155,7.965658967305751,4.865658967305751,27505.245473197185,9207.043,0.732398187338711,33103802.967484947,29855.30585230077,6555512.468800559,32448234.44381455,-207512.47365494864,635555.3715523947,-14436337.986841423,3855.429695334419,0.06136124468932742,296.58783349787785,0.6397972,0.21823917704742982,0.21070178201698986,-0.040326713322735,-0.2174740833420521,-0.2107594769238192,-1.670025698668348,0.03722738783171032,-1.618462932647832,0.03722738783171032,-229672.3339421027,5119.742203185531,-222581.1012587461,5119.742203185531,-225352.74504108622,-218713.48849615082,6572.077336675772,-44628.836429902745,-41628.93642200538,23236.967484948043,11024.143876838749,21485.27659115746,-253949.38327401117,44.49065656331146,0.21779796033054444,0.21108335391231153,0.0,0.0,0.00032387698849234425,"[np.float64(3369.8967755330204), np.float64(22220.713924116582), np.float64(-185.93560057772828), np.float64(-927.0596096132934), np.float64(1.3726465802066494), np.float64(0.0029497465143022593), 4.514450324470869, np.float64(-3.1418037442642195), np.float64(1482426.4198183399), np.float64(1138145.0507680106), np.float64(301.9749999999915)]",[-0.01895103  0.22118321  0.5970308   0.57641095],5.260974123620498
23565719.88237866,4.410524601284193,21.92824034010838,0.08107196592793865,2.744665309642896e-07,-0.019430660312336784,-0.09727471890346231,0,-9.739444200806112,4.391672693235289,12.600198193570257,0.0,0.0,3.1773362765883135,4.768757734376384,0.047282316786714296,0.1972794703787141,612029.9822795114,146686.29964159385,-110811.05372014531,4829487.629636,-110811.05372014531,-0.004702213820465744,0.0,-32.90024368201541,7.966992965947497,4.866992965947498,28855.53958350893,9199.744,0.733262880709878,33075695.291638143,31848.958487253556,6522047.91484398,32426309.138998996,-23836.966896192214,628911.2566338691,-14402169.239258215,4083.2389671120895,0.0650962484768836,296.3387441899118,0.63929003,0.21862278875769892,0.21036873707791864,-0.041652373604550375,-0.21808589490367364,-0.21051266704076665,-1.684595390986784,0.03727923713893815,-1.6260963085111346,0.03727923713893815,-243049.5449340792,5378.562514528229,-234609.43198420395,5378.562514528229,-238448.06709531133,-230546.53450433703,7821.933096628557,-47376.46594983185,-43804.22284111473,24831.29163814404,12542.76608215714,22813.476297903042,-302234.1959998966,44.48932256466971,0.21825835763294327,0.21068512977003628,0.0,0.0,0.00017246272926962902,"[np.float64(3295.9619721730646), np.float64(21851.146253021678), np.float64(-184.17612215593525), np.float64(-922.0314813528724), np.float64(1.3733901669915065), np.float64(0.001170698607261211), 4.515233468613264, np.float64(-3.1418433016217575), np.float64(1478746.5221132617), np.float64(1134465.1530629324), np.float64(302.3749999999916)]",[-0.01867063  0.22008656  0.5980802   0.5754999 ],5.283255519077197
23560140.90865363,4.417562408108877,21.96905209843618,0.08548251145124866,2.911199216514386e-07,-0.12814619274333583,-0.6437431553112765,0,-9.74056573328656,3.85697441063684,12.772098703070045,0.0,0.0,3.1621174815376345,4.63430855008401,0.29757914723902457,0.1985061929421667,645855.1590499141,968196.6321624636,-151497.8064769573,31869178.61439071,-151497.8064769573,-0.006430258930298342,0.0,-32.898906696209686,7.968329951753216,4.868329951753215,30262.12827848276,9194.416,0.7341270270607059,33054496.588941228,33764.029884886964,6516208.2850725595,32405862.345316365,-823359.5772747317,822564.6549129752,-14368004.177151494,4323.599177485102,0.0690436440877881,296.0907758945773,0.6389198,0.21890222093507547,0.21012542402282627,-0.04291931552201385,-0.2178565598199149,-0.2095763708785112,-1.6927620341705958,0.03733149152287471,-1.628424336525165,0.03733149152287471,-256132.9091150799,5648.651926461631,-246397.9308186386,5648.651926461631,-251260.6069326023,-242145.95061807724,9023.256447386962,-50040.80139446646,-45925.87701460495,26440.58894122848,14033.889244563528,24157.27329699377,-348640.4524885289,44.48798557886399,0.21863676036656773,0.21035657142516404,0.0,0.0,0.0007802005466528428,"[np.float64(3222.710091645519), np.float64(21483.600378732823), np.float64(-182.53278270608942), np.float64(-916.9545108711508), np.float64(1.373254458049953), np.float64(-0.0012841679815165773), 4.515893425019287, np.float64(-3.1426389669693338), np.float64(1475068.755816875), np.float64(1130787.3867665457), np.float64(302.7749999999917)]",[-0.01846601  0.21928596  0.59884465  0.5748342 ],5.305479897894933
23554547.60073918,4.44919423620078,22.010662682173407,0.0907768725118273,3.103143321836283e-07,-0.3801523216292765,-1.9121093086967054,0,-9.741681227052704,2.6262233395873316,13.091469129685857,0.0,0.0,3.146768319747258,4.5041365979008665,0.8409643453337631,0.20081453885687944,684977.8788149836,2868527.232663655,-187802.2455708047,94415091.68172692,-187802.2455708047,-0.007973078012541032,0.0,-32.897566400525285,7.9696702474376195,4.86967024743762,31726.32648876648,9191.381,0.7349908343934237,33041323.8956408,35539.9395167807,6546509.7096885415,32386317.45791575,-2679891.301956105,1231188.77053801,-14333833.80358968,4577.119072873808,0.07321412215540771,295.843950695321,0.63870895,0.21906111178361232,0.2099867565538172,-0.04414002288205551,-0.21679167130160315,-0.20799999647347667,-1.6944620396075691,0.037384193526589705,-1.6257455655318256,0.037384193526589705,-268795.2794570545,5930.315646719077,-257894.672998635,5930.315646719077,-263668.2630184035,-253459.5112713748,10106.867251155703,-52584.38911810002,-47990.698586480736,28031.89564080144,15433.079066559541,25490.31206899178,-390495.44490708713,44.48664528317959,0.2189101654775023,0.21011849064937582,0.0,0.0,0.002118494175899155,"[np.float64(3150.02879475685), np.float64(21118.109820469217), np.float64(-181.27221645813205), np.float64(-911.7721312660932), np.float64(1.3719870973944812), np.float64(-0.004342419057898706), 4.5161349595528595, np.float64(-3.1441478621583783), np.float64(1471392.2032045703), np.float64(1127110.834154241), np.float64(303.17499999999177)]",[-0.01834952  0.21883006  0.59927934  0.5744549 ],5.32807634832365
23548938.433405615,4.510578823709694,22.052492723329784,0.09637254748414102,3.2962248939567475e-07,-0.5991177995424055,-3.0075835893573433,0,-9.74279052287544,1.5982445901143238,13.377804993654083,0.0,0.0,3.1312745650140266,4.378114453247242,1.2591191533996722,0.20253866683961297,724020.7076076386,4501008.891939952,-217072.139134551,148162978.08448747,-217072.139134551,-0.009217916117467988,0.0,-32.896222433873774,7.971014214089127,4.8710142140891275,33249.21801951834,9190.85,0.735854532964463,33036882.746733885,37118.54807984469,6620248.091947499,32366793.39398823,-4273010.231134518,1588921.2047760314,-14299648.20263644,4844.41226613445,0.07761850034015429,295.5983064980032,0.638672,0.21908890852749002,0.20996247185362704,-0.04532766257633862,-0.21494607583870085,-0.20586911653670234,-1.690019226603857,0.03743739199636035,-1.6186513931618092,0.03743739199636035,-280959.088612647,6223.82004284578,-269094.46534417046,6223.82004284578,-275597.14595867874,-264480.84596721746,11005.90354859469,-54981.43822605677,-50004.49311067628,29574.74673388354,16679.044262611485,26788.151107909096,-425216.39986060146,44.48530131652808,0.2190625016208062,0.2099855423188077,0.0,0.0,0.00411642578210536,"[np.float64(3077.7053233635606), np.float64(20754.729548582392), np.float64(-180.56631065477256), np.float64(-906.4465671540398), np.float64(1.3693756814641704), np.float64(-0.007887404004199048), 4.515760483390418, np.float64(-3.1463848019262475), np.float64(1467715.86323875), np.float64(1123434.4941884207), np.float64(303.57499999999186)]",[-0.01832912  0.21875021  0.5993554   0.57438844],5.351487241799779
23543311.71525129,4.605792485709805,22.0941515951791,0.10174546426747295,3.480052173976882e-07,-0.6330252184337002,-3.16989039719402,0,-9.74389348454988,1.5365421195726983,13.477817265058722,0.0,0.0,3.1156283721054554,4.25611547563249,1.2637143256725942,0.20311544788871794,760645.694208249,4732475.400191024,-236778.61235332157,155854404.60519502,-236778.61235332157,-0.010057149784919046,0.0,-32.89487439549887,7.972362252464036,4.872362252464036,34831.95507275398,9193.074,0.7367183757863244,33042030.911849793,38445.69282195672,6743058.137536536,32346691.5124984,-4492088.557697538,1672138.0551059758,-14265436.503302997,5126.116964788082,0.08226804886272202,295.35387620965184,0.63882655,0.2189724451640695,0.21006412138348401,-0.04649628478286412,-0.2117112864210963,-0.20259575539189717,-1.674514633001417,0.037491113869128026,-1.6024160200554263,0.037491113869128026,-291633.0923268724,6529.443969584855,-279076.41409215925,6529.443969584855,-286081.3013321487,-274308.16801319184,11656.823681331716,-57008.62396857455,-51781.34318783943,31032.91184979357,17711.959062941296,28021.592787837846,-450349.181476239,44.48395327815317,0.219083085359319,0.20996755433011988,0.0,0.0,0.007371798938222707,"[np.float64(3005.6353647679425), np.float64(20393.494004801054), np.float64(-179.9430452478543), np.float64(-901.0695222922838), np.float64(1.3652651292595461), np.float64(-0.011759724001242398), 4.515282473256299, np.float64(-3.150017343996753), np.float64(1464038.6336244922), np.float64(1119757.264574163), np.float64(303.97499999999195)]",[-0.01841451  0.21908441  0.5990368   0.57466656],5.375974303901377
23537665.09920132,4.737899122977783,22.137901334552687,0.1073976597636684,3.672856379607231e-07,-0.6687250140104465,-3.3397679828026927,0,-9.744990054795876,1.504424154293478,13.582888966713123,0.0,0.0,3.099817003959897,4.138008147821236,1.2683744261430288,0.20370173422243049,798838.7390336209,4974069.715558753,-243445.2278221438,163921999.43613127,-243445.2278221438,-0.010342794274458614,0.0,-32.893521727750965,7.97371492021194,4.873714920211939,36475.628700629735,9199.348,0.7375827130902535,33061365.37632329,39450.569393165475,6919033.124852697,32329281.116526008,-4720649.958166731,1759254.625879954,-14231182.902035994,5422.912957669243,0.08717477387572596,295.11067531531506,0.63926256,0.2186435281246879,0.21035071080629017,-0.04766580796609268,-0.20679971775183548,-0.19792216929435938,-1.6454680117287872,0.03754540287813885,-1.574830961697226,0.03754540287813885,-300097.4011729135,6847.46087399274,-287214.74712561833,6847.46087399274,-294419.8420370274,-282328.1503113329,11972.901424415473,-58500.38056328578,-53197.878046358135,32365.376323290922,18446.3594375398,29165.04374363421,-462544.31887719536,44.48260061040527,0.2189559993121004,0.21007845085462432,0.0,0.0,0.012156281560264937,"[np.float64(2933.810102439083), np.float64(20034.420022534927), np.float64(-179.33682407718248), np.float64(-895.6497373988424), np.float64(1.359578440444768), np.float64(-0.01574222954645577), 4.51477133487098, np.float64(-3.1551928944262126), np.float64(1460358.8943666797), np.float64(1116077.5253163504), np.float64(304.37499999999204)]",[-0.01865544  0.22002718  0.59813696  0.57545054],5.402191220195215
23531995.90365714,4.906986090538426,22.183734827480396,0.11321901565840882,3.8710375672476637e-07,-0.7056144405669614,-3.5142942168418037,0,-9.746080177262664,1.5047891892749206,13.691878342952231,0.0,0.0,3.08172720019295,4.023729666690176,1.273729728668449,0.20437567289413855,837789.5798639455,5221352.811369566,-227706.51066289213,172221270.60404518,-227706.51066289213,-0.009676463976755324,0.0,-32.89216379310176,7.975072854861148,4.875072854861148,38128.01094775719,9209.906,0.738447941924487,33095572.79302873,39906.933282050464,7147883.628087511,32314490.41376494,-4954509.041847993,1848582.3528239042,-14196870.676158788,5735.320954855873,0.09222255281614605,295.0694935090715,0.63999623,0.21808840884021768,0.210832343489431,-0.04885679805293128,-0.2001446079042723,-0.1919036281842551,-1.6033670500532067,0.03760751499333767,-1.5373482075693157,0.03760751499333767,-305665.9821885091,7169.498716919607,-293080.14644358883,7169.498716919607,-299945.6124716015,-288115.70638708986,11714.44695392546,-59293.54044205578,-54191.45397860791,33438.793028729975,18623.642306608464,30142.015425151603,-452543.64308936585,44.481242675756064,0.2186157721604644,0.2103747924404472,0.0,0.0,0.018471164256192107,"[np.float64(2862.22582314541), np.float64(19677.525183399124), np.float64(-178.73507720304994), np.float64(-890.185364767692), np.float64(1.3523635565728909), np.float64(-0.01946369736443354), 4.5142395813428635, np.float64(-3.1618760247699726), np.float64(1456674.9316591602), np.float64(1112393.5626088309), np.float64(304.77499999999213)]",[-0.01906108  0.2216135   0.59661835  0.57676816],5.4306869363678105
23526301.503200024,5.109444658928218,22.23115748496191,0.11928008333491164,4.0772129824131196e-07,-0.7440917664025537,-3.6955844910564877,0,-9.747163793644402,1.5319868209891008,13.805062013535467,0.0,0.0,3.063050941836621,3.9132638545654244,1.2792888610741144,0.2050737406974495,878041.7995163192,5477391.156266493,-184808.69322005977,180849468.23444572,-184808.69322005977,-0.007855407837688481,0.0,-32.89079996777266,7.976436680190243,4.876436680190244,39823.876545558844,9224.481,0.7393144460593039,33143672.016941562,39704.94415926897,7423947.157631215,32301541.446963258,-5196579.895233895,1941218.3475578218,-14162484.138926236,6063.6908838714135,0.09750266065322015,295.0694935090715,0.64100903,0.21731890508799612,0.21149598658832192,-0.05008806751630584,-0.19189279904175394,-0.18470839103352288,-1.5479828207680248,0.03767164072546036,-1.4900268149686098,0.03767164072546036,-308233.38374455884,7501.153847596901,-296693.2196444108,7501.153847596901,-302557.46915122156,-291691.53973617253,10760.616034268965,-59355.40434091396,-54764.76548249628,34240.016941562666,18119.61103233793,30981.43498342584,-415681.29375977186,44.479878850426964,0.2180499336526066,0.21086552564437555,0.0,0.0,0.026157134610852673,"[np.float64(2790.883802063022), np.float64(19322.827663484422), np.float64(-178.12591196973128), np.float64(-884.67496544573), np.float64(1.3438379530533364), np.float64(-0.022469478519829365), 4.513699366395386, np.float64(-3.1698614133420495), np.float64(1452985.1389345508), np.float64(1108703.7698842215), np.float64(305.1749999999922)]",[-0.01962152  0.22380328  0.59451324  0.57858366],5.46189952772661
23520579.640978206,5.33722340272131,22.279438089293606,0.12560309195225275,4.292320216270036e-07,-0.7842951120829038,-3.884418849635797,0,-9.748240843924734,1.5772125256729632,13.921972384095053,0.0,0.0,3.044210160540313,3.8064785548485633,1.2849318248724109,0.20577893150858423,919768.1293836155,5743247.534060947,-112258.5994460861,189831798.2901428,-112258.5994460861,-0.004772782013012386,0.0,-32.88942971655017,7.977806931412733,4.877806931412732,41573.42874528654,9242.306,0.7401825488115563,33202892.5236873,38788.49023875133,7735174.9874239275,32289327.097362004,-5447881.750680508,2037510.7557824724,-14128010.588588856,6408.679336680703,0.10304999027271217,295.0694935090715,0.6422476,0.21637265066317732,0.2123057040730037,-0.05137432697777459,-0.1824073975286493,-0.17667227762445012,-1.4817139077671648,0.03773633135413652,-1.4351269434230816,0.03773633135413652,-307999.6378272915,7844.143413298584,-298315.7386142017,7844.143413298584,-302449.2628356411,-293313.0968987912,9048.251957501327,-58734.58008540105,-54965.786435431444,34776.523687299145,16864.002107316905,31731.41812437818,-349520.47854810866,44.478508599204474,0.21727159236675517,0.211536472462556,0.0,0.0,0.03486419483810588,"[np.float64(2719.789251121541), np.float64(18970.34617812742), np.float64(-177.5007778324462), np.float64(-879.1172565212778), np.float64(1.3344108324449617), np.float64(-0.02426463566391056), 4.51315951203316, np.float64(-3.178748679588198), np.float64(1449288.2166933399), np.float64(1105006.8476430106), np.float64(305.5749999999923)]",[-0.02030769  0.22648136  0.5919246   0.5807988 ],5.496249985493743
23514828.745316725,5.577523713186028,22.3279606401078,0.13219072520658068,4.5165568877138193e-07,-0.8262572312829217,-4.0809842368534275,0,-9.749311266754422,1.6274900593009352,14.04204197958336,0.0,0.0,3.0251982647071904,3.703243207142853,1.2906652351896621,0.20649014251134917,962980.517841346,6019103.195080858,-10674.742366861436,199159000.85280848,-10674.742366861436,-0.00045395790386045,0.0,-32.88805266856035,7.979183979402558,4.879183979402558,43376.70632096644,9262.109,0.7410524660699501,33268710.385421306,37175.352986940576,8062775.541978919,32276928.65307317,-5708595.57352932,2137491.831248961,-14093442.264869362,6770.969333983201,0.10887552447977393,295.0694935090715,0.64362377,0.21531467663062973,0.21320285646522413,-0.05272384916283515,-0.17227813415067325,-0.16830894388173803,-1.409200654574428,0.037801609511895894,-1.3767334726381413,0.037801609511895894,-305632.4147039432,8198.546571286799,-298590.8176243447,8198.546571286799,-300269.0470874649,-293611.8462855047,6593.606893190574,-57592.43392000797,-54916.0837667198,35088.38542130684,14864.549924116618,32460.985796638302,-254692.1208602682,44.477131551214654,0.21631975196154993,0.2123505616926147,0.0,0.0,0.044041617810876676,"[np.float64(2648.9497278832205), np.float64(18620.099829932784), np.float64(-176.85564591859918), np.float64(-873.5113907223406), np.float64(1.3246869727940318), np.float64(-0.02436397523201016), 4.512624177318231, np.float64(-3.187937204524199), np.float64(1445583.3729433399), np.float64(1101302.0038930106), np.float64(305.9749999999924)]",[-0.02107104  0.22945675  0.5890303   0.5832531 ],5.533813693131018
23509048.228157587,5.813029704630252,22.376569034926035,0.13904968303436088,4.750107944698121e-07,-0.8700377459636911,-4.28546376647154,0,-9.750374999915348,1.6653356185155888,14.16518539768806,0.0,0.0,3.0060136830972155,3.6034322061058206,1.2964943721075168,0.20720610379691073,1007689.4244203584,6305140.8411875935,115208.3852988175,208818380.3101877,115208.3852988175,0.004900597598878057,0.0,-32.886668688636036,7.9805679593268675,4.880567959326868,45233.74561457051,9282.175,0.7419242629050846,33335022.20789959,34981.70771966602,8381636.061029787,32264114.83771837,-5978891.962384653,2241225.090309453,-14058778.100300794,7151.26060900191,0.1149905148128326,295.0694935090715,0.6450182,0.21423533073033424,0.21410931327650304,-0.05413646306419337,-0.16231087825128834,-0.16029834822146147,-1.3369567503442206,0.03786748059365838,-1.3203795151173752,0.03786748059365838,-302377.80771376664,8564.439921191142,-298628.5555075465,8564.439921191142,-297228.5340629897,-293676.75349677843,3518.0963915410143,-56221.764181796054,-54829.99408425935,35254.207899587585,12234.372161194528,33249.90698737225,-135889.10315113072,44.47574757129034,0.21526070933561495,0.21324817930578807,0.0,0.0,0.052949831084326604,"[np.float64(2578.3728569194805), np.float64(18272.107973090613), np.float64(-176.1928714484705), np.float64(-867.8567912782356), np.float64(1.3154458236008555), np.float64(-0.02236055865209274), 4.51209061986769, np.float64(-3.1966447962668347), np.float64(1441870.5024599414), np.float64(1097589.133409612), np.float64(306.3749999999925)]",[-0.02184568  0.23247182  0.5860776   0.5857329 ],5.574372536537078
23503238.717193265,6.022872283202106,22.425873659661924,0.14619331403507296,4.993143084933881e-07,-0.9157396293581811,-4.4980345714000745,0,-9.751431980496216,1.6697259996314484,14.292121422209012,0.0,0.0,2.9866600524582627,3.506924689095644,1.3024231076546169,0.2079254236461705,1053904.511843265,6601547.638647352,255898.32454254638,218796386.16598943,255898.32454254638,0.010887789875331086,0.0,-32.88527793275286,7.981958715210048,4.8819587152100485,47144.61178623232,9300.478,0.7427978209337802,33394652.020844676,32438.03673690662,8661795.65046462,32251777.190243717,-6258925.758928178,2348828.280151479,-14024024.940730989,7550.269219854948,0.12140647531062064,295.0694935090715,0.64628994,0.21324460151531113,0.21493369479193708,-0.05560219005615948,-0.15348444824621768,-0.15344918632890933,-1.2731119826951292,0.03793393211249456,-1.272819494628937,0.03793393211249456,-300101.85092281195,8941.90251484424,-300032.9047411483,8941.90251484424,-295145.0756727512,-295079.6453822209,64.81408065661901,-55049.63990807377,-55024.58022646488,35384.02084467411,9207.201053603665,34165.19545912042,-2503.402177943709,44.47435681540716,0.2141857942695831,0.21415053235227474,0.0,0.0,0.06070134602336541,"[np.float64(2508.063368354517), np.float64(17926.3901890584), np.float64(-175.52277349844945), np.float64(-862.1528193744318), np.float64(1.3075905125730456), np.float64(-0.018005041620530085), 4.511547143612463, np.float64(-3.203956631039417), np.float64(1438150.3115419727), np.float64(1093868.9424916434), np.float64(306.7749999999926)]",[-0.02255311  0.23522152  0.5833673   0.5879881 ],5.617472926438017
23497402.189538863,6.184383060495701,22.47717407232273,0.15364434600482932,5.245813179024249e-07,-0.9635265030692661,-4.718865062044909,0,-9.752482144621972,1.6178568870296728,14.424312608851935,0.0,0.0,2.967145781122192,3.413604373677081,1.3084541587714538,0.2086466566942859,1101635.1586986603,6908517.623458227,397046.7930584687,229080498.17143124,397046.7930584687,0.01689747614888405,0.0,-32.883880879847034,7.983355768115869,4.883355768115869,49109.41412766298,9314.838,0.7436728210405253,33439921.603433542,29891.702780793188,8871029.816240847,32241806.4065437,-6548829.452103937,2460497.6292957407,-13989198.120655147,7968.726916100947,0.12813517232638152,295.0694935090715,0.64728785,0.21246289715634561,0.2155790120135769,-0.0571007457017262,-0.14687131081443675,-0.14863175517009294,-1.2268051153882527,0.03800093519803724,-1.241509975914786,0.03800093519803724,-301238.4023276853,9331.018319394478,-304849.13775412063,9331.018319394478,-296392.0495741736,-299823.0635368766,-3398.9105004568128,-54620.47133661428,-55912.38917869391,35609.603433541175,6137.975773270247,35240.90950430948,131275.98349548675,44.47295976250134,0.21320551629736287,0.21496596065301907,0.0,0.0,0.06633420548292612,"[np.float64(2438.019643957138), np.float64(17582.966413508177), np.float64(-174.86462023772836), np.float64(-856.3983911174744), np.float64(1.302064603121885), np.float64(-0.011286993952744403), 4.510971614330707, np.float64(-3.208907011208822), np.float64(1434424.3766054492), np.float64(1090143.00755512), np.float64(307.1749999999927)]",[-0.02310888  0.23737915  0.5812288   0.58975345],5.662445387032553
23491542.00070473,6.275636934150391,22.531915216715305,0.1616841632908287,5.516669631168736e-07,-1.0136380507425506,-4.948111724792863,0,-9.753525426760515,1.4879360823563648,14.564641736910705,0.0,0.0,2.9474833844160333,3.323359435079797,1.3145892898396883,0.2096885266324703,1152650.7352968883,7226252.84216429,519983.36391263804,239663077.59959418,519983.36391263804,0.022134918341973415,0.0,-32.88247833853994,7.984758309422965,4.884758309422964,51128.312459268185,9323.116,0.7445487420726233,33463296.79214979,27794.114237974878,8978523.198717989,32236301.367904656,-6848353.071948895,2578254.0717307217,-13954321.327435233,8407.38019801499,0.1351886094012575,295.0694935090715,0.6478632,0.21201044273189798,0.2159504564066157,-0.058601926464414554,-0.1435226477590585,-0.14667995755716412,-1.207249822802354,0.03806844687837561,-1.2338077337231033,0.03806844687837561,-308623.2307831746,9731.877234183203,-315412.53662228194,9731.877234183203,-303737.0925039398,-310192.2871179881,-6395.143574525123,-55558.857536840354,-57970.01557283875,36078.79214979009,3489.336878218537,36474.67110854941,246990.40350127468,44.471557221194246,0.21244027443512323,0.21559758423322883,0.0,0.0,0.06891762667606471,"[np.float64(2368.2300908373777), np.float64(17241.857199570924), np.float64(-174.2466772667994), np.float64(-850.5916151810239), np.float64(1.2997383868208263), np.float64(-0.0025077886882127697), 4.510330970359073, np.float64(-3.2105925835382463), np.float64(1430695.1299013477), np.float64(1086413.7608510184), np.float64(307.57499999999277)]",[-0.0234296   0.2386232   0.57999104  0.59076965],5.7085120576219115
23485662.798411813,6.278668806432998,22.590701718622814,0.1698810293240204,5.789441434188503e-07,-1.0663995423167245,-5.185913731888208,0,-9.754561758494978,1.2614335354351296,14.711684244725161,0.0,0.0,2.927687321806112,3.23608242635272,1.3208300885777038,0.2104126700225781,1203530.4507489451,7554959.649996916,602808.4846375524,250522848.56121007,602808.4846375524,0.025667084204168876,0.0,-32.88107142628824,7.986165221674666,4.886165221674666,53201.46489487247,9323.39,0.7454248767278573,33458046.05370394,26674.180025023703,8959445.495394237,32236158.171511594,-7158246.930016346,2699148.337508157,-13919425.773366017,8866.988936962485,0.14257900508024055,295.0694935090715,0.6478821,0.21199556231930716,0.21596265701335962,-0.06006689472058611,-0.14432418178580333,-0.1482655495114878,-1.2225123482404905,0.03813641750631338,-1.2558980958954253,0.03813641750631338,-325197.2388923228,10144.566385891656,-334078.0923015883,10144.566385891656,-320050.7428078361,-328492.2176117417,-8363.331693726297,-58512.20760235056,-61676.14572544575,36960.05370394286,1809.1388815717646,37851.26026072068,322993.1270952526,44.47015030894254,0.21200969871126843,0.2159510664369529,0.0,0.0,0.0676855169254651,"[np.float64(2298.6698016200253), np.float64(16903.084112715613), np.float64(-173.70507583789757), np.float64(-844.7298618765635), np.float64(1.3012703896563356), np.float64(0.007664246706243917), 4.509582147535452, np.float64(-3.208311757879117), np.float64(1426965.7743715625), np.float64(1082684.4053212332), np.float64(307.97499999999286)]",[-0.02344013  0.23866405  0.57995033  0.590803  ],5.754980706703144
23479770.323287237,6.183157166985075,22.652107510420308,0.17852992902427411,6.072184764583312e-07,-1.1222254992616043,-5.432406481255873,0,-9.755591068473093,0.9281875074815944,14.865561805431936,0.0,0.0,2.9077791077761392,3.1516700953213563,1.3271764957345842,0.21113468348569966,1255960.1640371918,7894869.671671037,622052.4977723621,261645335.0956097,622052.4977723621,0.02649312532479972,0.0,-32.87966152147321,7.987575126489697,4.887575126489696,55329.23664647165,9314.111,0.7463003639607384,33418849.452484936,27098.045280183585,8800117.409162898,32239388.434287317,-7478219.176320831,2825356.794676889,-13884548.698962638,9348.325264662526,0.15031877505179958,295.0694935090715,0.6472374,0.21250249503280375,0.21554642157973705,-0.061450319604389965,-0.14983120870245753,-0.15375214498915404,-1.2780557666256749,0.038204773210950255,-1.3115012368663628,0.038204773210950255,-353569.24979509856,10569.204690067236,-362821.8114835963,10569.204690067236,-347876.1406336221,-356659.9194085176,-8702.786751066415,-64071.157834908314,-67417.18522401064,38457.45248493691,1699.343216815325,39393.22760954199,336090.662331914,44.468740404127516,0.212020908954982,0.2159418452416785,0.0,0.0,0.06218970025252446,"[np.float64(2229.2979395677075), np.float64(16566.669618183852), np.float64(-173.28142728866015), np.float64(-838.8110493867396), np.float64(1.3069535802775714), np.float64(0.018166014438879975), 4.508674759563203, np.float64(-3.2017211792856313), np.float64(1423240.1298403125), np.float64(1078958.7607899832), np.float64(308.37499999999295)]",[-0.02308078  0.2372701   0.58133715  0.58966434],5.8007547567693925
23473871.071882177,5.9903380384462865,22.711956910580067,0.18770368134805587,6.364966230726182e-07,-1.1816056280420892,-5.687718712104814,0,-9.756613282782814,0.4893723553098667,15.022583065256443,0.0,0.0,2.8877828140577217,3.0700231762944896,1.333628446873274,0.21185323011992865,1309953.2549751105,8246232.18593404,554871.9682223634,273007083.31943405,554871.9682223634,0.023637855321059865,0.0,-32.87825018258222,7.988986465380682,4.888986465380682,57512.08380297376,9294.36,0.7471742411766408,33342665.162216153,29616.16065984589,8503418.943482859,32240131.257615123,-7808289.089876288,2957523.3360826257,-13849730.96352512,9852.172528470363,0.15842051534907933,295.0694935090715,0.6458649,0.2135764147423782,0.21465842380376376,-0.06270363176699575,-0.16009545105991949,-0.1630412817325754,-1.3751564973485726,0.03827343134096586,-1.4004600157357083,0.03827343134096586,-395440.57858857483,11005.923953544956,-402716.86893853004,11005.923953544956,-388862.93316284806,-395755.1751971822,-6828.878402654112,-72663.613786574,-75364.76759316598,40827.16221615208,3772.5145411591375,41222.067984260255,263713.0444217806,44.46732906523653,0.21255619101828246,0.21550202169093838,0.0,0.0,0.05246073995836298,"[np.float64(2160.0565835604957), np.float64(16232.636964442874), np.float64(-173.01854902871693), np.float64(-832.8335745002091), np.float64(1.3165595848366518), np.float64(0.02754858221889311), 4.50755574720058, np.float64(-3.190996162363928), np.float64(1419522.3856996875), np.float64(1075241.0166493582), np.float64(308.77499999999304)]",[-0.02231656  0.23430249  0.584275    0.58723503],5.844637222750971
23467971.744997937,5.716701730034311,22.763692313429193,0.19748158290476478,6.66784907230931e-07,-1.2450764097810496,-5.9519901129737205,0,-9.75762832614063,-0.03859485462967409,15.176731071593156,0.0,0.0,2.8677264056532175,2.9910461325153332,1.3401863438298238,0.21256697057926302,1365525.9330624756,8609330.050895214,382241.2545759394,284588134.12839454,382241.2545759394,0.0162877839946868,0.0,-32.87683901609668,7.990397631866223,4.8903976318662234,59750.640392606845,9264.179,0.7480455271401759,33229968.300080385,34686.52320539134,8093801.860822282,32229216.059609473,-8148480.8560626395,3096366.3764958763,-13815013.277394697,10379.324590039709,0.16689699107256237,295.0694935090715,0.64376754,0.2152037060369575,0.21329644993278363,-0.06377990064557967,-0.1744986929774902,-0.1754312387805978,-1.5093118856128456,0.038342295877328125,-1.517377862729879,0.038342295877328125,-450911.75858770247,11454.883663965824,-453321.4950783768,11454.883663965824,-443087.7167222309,-445363.2692411098,-2254.6760133586563,-84415.06786284955,-85341.37724879147,44372.30008038644,8575.453157123988,43594.107187773094,87066.38382014104,44.46591789875099,0.21365777930710717,0.21459032511021475,0.0,0.0,0.039159086329616954,"[np.float64(2090.8715793985543), np.float64(15901.009670199466), np.float64(-172.9549453023778), np.float64(-826.7975494055753), np.float64(1.3291999697776495), np.float64(0.034040210955294886), 4.5061759842214215, np.float64(-3.176976014443772), np.float64(1415816.714435039), np.float64(1071535.3453847098), np.float64(309.17499999999313)]",[-0.02115088  0.2297677   0.58872676  0.58350915],5.885372604495517
23462078.377327476,5.396759623485874,22.800344205394005,0.20794111883685146,6.980904581607015e-07,-1.3131694044930875,-6.22537815203039,0,-9.75863612414323,-0.6213024747150504,15.321585019397421,0.0,0.0,2.847638978881197,2.914646840804151,1.3468511817786661,0.21327464734369359,1422696.200913139,8984471.822494563,93613.23336539543,296393441.58699435,93613.23336539543,0.003989980421165857,0.0,-32.87542946827031,7.991807179692593,4.891807179692592,62045.64939562129,9225.1045,0.7489133502379768,33086577.000089955,42562.34745696721,7620908.209087044,32196974.19331469,-8498839.163304383,3242611.8000117,-13780430.357566986,10930.585770634585,0.1757611355106969,295.0694935090715,0.64105237,0.21728588189047912,0.21152434925393127,-0.06464109259133914,-0.19161701870079673,-0.18951704877000417,-1.6688542816365224,0.038411266916582365,-1.6505649677015042,0.038411266916582365,-517725.7382540055,11916.259999739483,-512051.8764535125,11916.259999739483,-508317.6880147999,-502979.01157477015,5289.773238217209,-98970.02250340745,-96701.78564644983,49383.00008995322,16461.769876309274,46858.00391966686,-204261.99288163587,44.46450835092462,0.21530781482963357,0.213207844898841,0.0,0.0,0.023690796128836844,"[np.float64(2021.65594429908), np.float64(15571.810759557418), np.float64(-173.11796589166752), np.float64(-820.7050810797384), np.float64(1.34323263658005), np.float64(0.03568898041213682), 4.504498484075096, np.float64(-3.1612658474950464), np.float64(1412126.6724428516), np.float64(1067845.3033925223), np.float64(309.5749999999932)]",[-0.01964552  0.22389701  0.59442294  0.57866126],5.9217845928626
23456195.057522185,5.083770166001629,22.817839664735384,0.219146213808712,7.304213917700566e-07,-1.3863454487840532,-6.508092939408667,0,-9.759636605370002,-1.2056631285847992,15.45356268753499,0.0,0.0,2.82754382413501,2.840736318986159,1.3536337644992138,0.2139753224088692,1481478.9767860472,9372015.15481964,-306252.4531506625,308487128.006023,-306252.4531506625,-0.01305635685581708,0.0,-32.87402251914467,7.993214128818234,4.893214128818234,64397.676581987864,9180.824,0.7497771344848275,32925828.013540596,53125.892717283656,7160258.167130396,32137885.36474941,-8859486.534478258,3396902.4663988245,-13746002.559117842,11506.770971064021,0.18502605206841735,295.0694935090715,0.63797534,0.21961261915585412,0.20950390880342903,-0.06526812424613498,-0.20915249579161133,-0.20317360426926961,-1.8341105482320461,0.038480264490166546,-1.7816801530490598,0.038480264490166546,-590562.2895032988,12390.198137135487,-573680.311343,12390.198137135487,-579333.5722358455,-563506.401338639,15682.40443603366,-115282.03187708829,-108273.50683734054,55986.01354059688,27399.442427216884,51280.03583989439,-605546.2727125899,44.46310140179897,0.21740221875374788,0.21142332723140617,0.0,0.0,0.008249722962136552,"[np.float64(1952.3161798584058), np.float64(15245.062162210706), np.float64(-173.51637738891452), np.float64(-814.5593953852008), np.float64(1.3562544239655738), np.float64(0.03062204694043765), 4.502507357525955, np.float64(-3.1462529335603815), np.float64(1408454.3426088672), np.float64(1064172.973558538), np.float64(309.9749999999933)]",[-0.01794447  0.21724403  0.6007881   0.573134  ],5.953073784897677
23450322.262796022,4.847116031376421,22.818191403060155,0.21891738165815722,7.346850737407461e-07,1.2481094327693618,5.884206538888701,0,-9.760629812623002,10.942909342267276,12.82092217775412,0.0,0.0,2.8074606526581123,2.769220721901392,-1.1764442884877326,0.2063473735079283,1482129.384997406,-8450035.588715838,-789046.7770346554,-277904245.485697,-789046.7770346554,-0.03364758778972004,0.0,-32.87261828467147,7.994618363291433,4.894618363291434,66807.55341502313,9137.693,0.7506368385842699,32770152.25637744,65685.72810155847,6809225.039887381,32054978.519368973,8573365.259930447,-311796.54304488376,-13711725.590012481,12108.77393302227,0.19470611189273562,295.0694935090715,0.6349781,0.221845995980265,0.20752324932170985,-0.06567296493773522,-0.22240168754368184,-0.21208227537595026,-1.9635216531960396,0.038549220918682923,-1.8724144792200512,0.038549220918682923,-655890.3886372447,12876.895678162182,-625457.1516777814,12876.895678162182,-642927.8521811528,-614470.7366755563,28197.44685155847,-130390.92467941101,-117423.06756591213,63856.25637743902,40736.97159491923,56685.24175446754,-1088751.2787241393,44.461697167325774,0.21972428799707466,0.20940487582934308,0.0,0.0,-0.002677399546607173,"[np.float64(1883.1837068290652), np.float64(14920.693069159868), np.float64(-171.58089509197566), np.float64(-808.9173900467963), np.float64(1.3652336452725085), np.float64(0.017449106632517676), 4.503375078238662, np.float64(-3.1381414329661537), np.float64(1404799.2653383594), np.float64(1060517.89628803), np.float64(310.3749999999934)]",[-0.01629235  0.21076341  0.6068979   0.5677156 ],5.978312088734642
